Input Sample,B cells naive,B cells memory,Plasma cells,T cells CD8,T cells CD4 naive,T cells CD4 memory resting,T cells CD4 memory activated,T cells follicular helper,T cells regulatory (Tregs),T cells gamma delta,NK cells resting,NK cells activated,Monocytes,Macrophages M0,Macrophages M1,Macrophages M2,Dendritic cells resting,Dendritic cells activated,Mast cells resting,Mast cells activated,Eosinophils,Neutrophils,P-value,Pearson Correlation,RMSE
TCGA.IC.A6RE.01,0.08609658123628486,0.01996747624752075,0,0.07743795545635099,0,0.18523091525631089,0,0.07055487037080237,0.11225560307776754,0,0,0.024445036089876963,0,0.013788120114418335,0.02208756445967,0.11389955844322472,0,0.06610605734315154,0.17512854859895446,0.01735334249934344,0,0.015648370806323076,0.064,0.13942325773492426,1.0271320898535057
TCGA.2H.A9GO.01,0,0.08043991557675863,0,0,0,0.2503574630969673,0,0.09270739312267197,0.10666612663978085,0,0,0.02130259496156995,0,0.04746511165366862,0,0.10748307532991158,0,0.13360327368346459,0,0.09444140958272197,0,0.06553363635248448,0.392,0.02699347325414998,1.076208823137847
TCGA.VR.A8EZ.01,0,0,0.03456410473958541,0.20193515404944565,0,0,0,0.07912775120508891,0.0652664486189074,0,0,0.0924941823559969,0.005718132232814459,0.03664966966333486,0.18097007644897853,0.21223230729535922,0.0005,0,0.010315471496024688,0.08020714589023935,0,0,0.004,0.3335536221302723,0.9595320164650394
TCGA.LN.A49Y.01,0.0308961724987927,0,0.09369037510027092,0.07829173541389485,0,0.0966445987583712,0,0.0678897361623776,0.09863920584322645,0,0,0.10151514422427918,0.009237741967888805,0.06449991292531639,0.0793416929041394,0.18654672434697767,0.012415409534792903,0.04345390914749936,0.03693764117217244,0,0,0,0.445,0.019536512159855277,1.0783372850754165
TCGA.Q9.A6FW.01,0.04550064212366644,0.038747758526427215,0,0.06710057959311558,0,0.1429387325880047,0,0.09349257013051855,0.05758779176330597,0,0,0.021095519962302422,0,0.11069158768485207,0.01652160779359935,0.12664062394961334,0,0.06262300564367654,0.046418004667668954,0.15380647085351967,0,0.016835104719729224,0.087,0.11907824634212005,1.0405452213181936
TCGA.LN.A4MQ.01,0,0,0.066817844947685,0.0025764484058529795,0,0.10794395938861005,0,0.028807530467291353,0.0678366565411246,0,0,0.038706653386743416,0.010206360082683564,0,0.07669380809170812,0.2113030096577137,0.13595975707700603,0.03766863513817548,0.20708426827256757,0.008395068542838141,0,0,0.931,-0.0289,1.085627978162548
TCGA.R6.A6DQ.01,0.007553145029318332,0,0.020918193170916543,0.0758226190839145,0,0.21070917700883854,0,0.0958425143181121,0.04587773332378942,0,0.025691489254938058,0,0.03361007617372026,0.04531329588607214,0.12287269748566632,0.008724578917675514,0,0.09214061965256608,0,0.19001198087616095,0,0.02491187981831131,0.055,0.15323683962169085,1.043588885615342
TCGA.L5.A8NF.01,0.030966576510693105,0,0.09232765923653809,0,0,0.2690414711697402,0,0.011743022695091376,0.13332754861029797,0,0,0.028524583470118655,0,0.19757001313579106,0.05350229902492629,0.0971965732638757,0,0.001337003328155608,0,0.056430820110253584,0,0.028032429444518343,0.284,0.045427376237912945,1.070832973593513
TCGA.L5.A4OO.11,0.048865309208606496,0,0.12106680710751089,0.10231779675704757,0,0.12067795263731985,0,0,0.009209606387350888,0,0,0.10230717708164351,0.02433197445534107,0,0.013557696137259618,0.14983324958616262,0,0,0.25684806482559114,0.05098436581616634,0,0,0.12,0.0970513056715073,1.0546831541905655
TCGA.VR.AA7I.01,0.0003,0,0.008538818249808382,0.21980111443590034,0,0,0.08057296944354972,0.10384525654732239,0.0323901829716029,0,0,0.06854876553251721,0,0.036404600587144835,0.19864359169772966,0.1733333984310558,0.02158383090831398,0.034885677571148306,0.021116075053441,0,0,0,0.001,0.47823966080317887,0.8788617728412143
TCGA.2H.A9GI.01,0,0,0.08149527083421805,0.03003055807930192,0,0.37872729974109,0,0.030292571098542657,0.11673312510415167,0,0.06995660685146105,0,0.004795616273609744,0.03326313370097652,0,0.054284732914933284,0,0.07894236059936866,0,0.12147872480234659,0,0,0.195,0.06650337397475316,1.0729660888589678
TCGA.IG.A3I8.01,0,0,0.127559580059185,0.02352299286450486,0,0.11008664523950526,0,0.05497124499388466,0.14245111984666955,0,0.06214513692835521,0,0.00834641447945236,0.06007798988763941,0,0.054514424654092085,0.053125184236338524,0.12374414079507595,0,0.179455126015297,0,0,0.293,0.044639323295068666,1.0675147042106812
TCGA.XP.A8T6.01,0.013175931258092874,0,0.0920181087927898,0.06514900527738289,0,0.1012996236392119,0,0.08117521509920925,0.09266767336345495,0,0.008496335156901392,0,0.07129106195739753,0,0.035937791700893326,0.22700606751038882,0.06689680268923606,0.03660167606728819,0,0.10828470748775301,0,0,0.186,0.06857346976137678,1.04713697368729
TCGA.X8.AAAR.01,0.21702721563361047,0,0.003031582998332876,0.07832015602934111,0,0.24532759163334164,0,0.1447730610375986,0.007605214361421572,0,0,0.02734111423637012,0.0016411610752091533,0.011343464142195033,0.08267626071043264,0.10390570760477186,0,0.016619380467602786,0.06038809006977214,0,0,0,0.132,0.09041650156376294,1.0614972721635343
TCGA.VR.A8EP.01,0.04260971279749228,0,0.009610633036732806,0.05701607010064793,0,0.06343109880758248,0,0.0889241099645021,0.056180578359166705,0,0,0.029509993899505458,0,0.2968229643503814,0.0776476373664385,0.14012805932936317,0,0.02050092344650443,0,0.11394746187768018,0,0.003670756664002519,0.22,0.05899885917102392,1.087844448277798
TCGA.LN.A49R.01,0.0009,0,0.01068206741432666,0.0915226312599684,0,0.022016127479272594,0.10471455799424743,0.046819145132494744,0,0,0,0.09329160466383589,0.0009,0.05444088718163693,0.15537738590503453,0.2518245112605754,0.015498125222404954,0.010979088579452675,0,0.14107921855530445,0,0,0.01,0.29550853666075766,0.9798053843574815
TCGA.IG.A8O2.01,0,0,0.012560177383244957,0.27986663895168173,0,0,0,0.16056582919730825,0.07797875182261989,0,0,0.11862564547023718,0.020284203732370682,0,0.05720782967035481,0.1665559214580987,0.028469340403010905,0.050646192638289886,0.027239469272783104,0,0,0,0.016,0.2616586957615417,0.993298111505639
TCGA.JY.A939.01,0.05438456208047416,0,0.03738065690092787,0.1011008011865695,0,0.3366328496727331,0,0.05108364302911667,0.024570165321098965,0.010527713349606012,0,0.02550622947746511,0.0030947695573686007,0.03304332501919935,0.12540245461584446,0.11213224534838721,0,0.002320324343787569,0.08282026009742142,0,0,0,0.014,0.2737498268570943,0.9792490962848249
TCGA.IG.A97H.01,0,0,0,0.01912503006196889,0.017586840931626935,0.07504080723927142,0,0,0.010316188868773111,0,0,0.03877045455919057,0,0.3471384612443536,0.01112707585513039,0.17385545706585395,0.0379400679876166,0.05109572769856684,0,0.21726183617426287,0,0.0007,0.01,0.2953250879426903,0.9983540783775883
TCGA.V5.AASX.01,0,0,0.023894943205915297,0.1570977308899108,0,0.10387530479852225,0.02833403681725673,0.08494654162793225,0.07497226383851935,0,0,0.17143649516746434,0.0030115373453673744,0.07705940038932248,0.0696770725508904,0.09701775251535255,0,0.008445582119988065,0.08510923075371592,0,0,0.015122107979842267,0.049,0.16464155776351203,1.0402807673789487
TCGA.L5.A4OQ.11,0.0019627681518475442,0,0.0006,0.020268937561665885,0,0.2535652249029764,0,0.0131406620318998,0.024590549676384965,0,0,0.09040187327506456,0.027371524345751175,0,0.009131941874797071,0.3332517261898532,0,0,0.21232552508799482,0,0,0.013356236913560074,0.051,0.16143859167476532,1.0240529330106916
TCGA.R6.A6L4.01,0.019441315393680988,0,0.03205674751195053,0.06429575348365453,0,0.30492187225512823,0,0.020859283197858344,0.10291619605977707,0,0.05116920933364008,0,0.0008,0.1894627377495403,0,0.08778878017392747,0,0.043903120538463264,0,0.08242020836094996,0,0,0.759,-0.0129,1.1036504998555012
TCGA.L5.A893.01,0.28774169025301966,0,0,0.057813145025198985,0,0.23176252430486946,0,0.05267665132423851,0.06819398370316004,0,0,0.034860544288398666,0.004472908327310462,0.03623025195199213,0.05478234153297793,0.07008313610745168,0,0.011024454469749593,0,0.09035836871163293,0,0,0.027,0.2296603297788604,1.001696356146205
TCGA.JY.A93F.01,0,0,0.02193164623402052,0.14087839775896957,0,0.17375154595845588,0.050910395013688305,0.040808985247898694,0,0,0.07948915283516106,0,0.0077367231604658394,0.11289375133383142,0.04623173734964557,0.11065336406287814,0,0.0757956164925103,0.04029133563846139,0.08058514721589585,0,0.018042201698117467,0.718,-0.0097,1.0934401237808353
TCGA.IG.A3YA.01,0.08037783803893647,0.0038093504048118433,0,0.022349525598020545,0,0.18399332889537662,0,0.013411662782487357,0.0854820395003961,0,0,0.003162223322248086,0.04535740792435406,0.27403438551449644,0.05608423609944604,0.1089164156384785,0.005982721966667453,0.0889974700411476,0.017612667085263285,0.010428727187869559,0,0,0.002,0.42003050112924595,0.9077079082842613
TCGA.2H.A9GL.01,0.1103109981373736,0,0.008208724745837882,0.03587905751519183,0,0.280036640203252,0,0.1158448802165271,0.035956882262407355,0.002393704685996622,0,0.03564212964283226,0,0.017340752523781613,0.12882121582634506,0.17757322292407773,0.018003228596754937,0.007162887878574811,0,0.02682567484104717,0,0,0.09,0.11507082154120844,1.0509900219022763
TCGA.L5.A8NW.01,0.0448279991641982,0,0.020713256543721175,0.08151396870691778,0,0.14011135085484236,0,0.039109654431470166,0.04154405158024372,0,0.009439043283051668,0,0.008724801206246167,0.03504720450139622,0.052959318802595315,0.2510416654799965,0.0043587034344658125,0.03395609177872666,0.2201245276568002,0.016528362575328057,0,0,0.084,0.12163807455658598,1.031553824820918
TCGA.IC.A6RE.11,0.3305409900156258,0,0,0.12034362265644294,0,0.14957226228191076,0,0.06051823030007847,0.0858368442719089,0,0,0.01660439562748732,0.007543534766223306,0.03316047834807069,0.005323712760443623,0.02645446101793496,0.07123944513451377,0.026403123187118537,0.06177349608846472,0.004685403543776195,0,0,0.365,0.030897383226191167,1.0897538494509293
TCGA.LN.A49P.01,0.004432531064415411,0,0.004748961436055166,0.12517851885215267,0,0.07335902715085388,0,0.07035479925225024,0.05539199026237597,0,0,0.050202290078680385,0,0.196386823208086,0.1551211901489263,0.22781392291800717,0.011054759675690879,0,0.02308193773167377,0,0,0.0028732482208321188,0.001,0.5176030974436527,0.8550249871917327
TCGA.KH.A6WC.01,0,0.012041802059119422,0.02942427360135918,0.026415181760453554,0,0.1020628451339101,0,0.06416589070692989,0.09902039864367128,0,0,0.05426298724236182,0.002653764307148964,0.028445657318697457,0.11141539897659367,0.12730032193429358,0.11060681754993558,0.010094009391524248,0.22209065137400125,0,0,0,0.89,-0.0246,1.0885686061556599
TCGA.JY.A6FG.01,0,0,0.0018959001101641322,0.19768854445287234,0,0,0,0.16568039166879456,0.0006,0,0.07979128371293935,0,0.0074320721032824985,0.23273617899622395,0.04368701002012556,0,0.010100009455026036,0.013448665961645808,0,0.22237103111838663,0,0.024558372431580846,0.449,0.01926610469797925,1.1153396057240017
TCGA.L5.A88S.01,0.002281956979355014,0,0.0002,0.04877444313711549,0,0.062192371474534845,0,0.03366354831935935,0.0269391718564546,0,0,0.04403682290566265,0.044014261317847615,0,0.0388983580735931,0.480151679819659,0,0,0.18274047708981453,0.02110514797335478,0,0.015006529992718298,0.01,0.2930705750916371,0.9715015997883596
TCGA.VR.A8Q7.01,0,0,0.008886863114832085,0.15294815198580686,0,0.13048253238760413,0.08679934740780038,0.049034406072694624,0,0,0.005670973030534561,0.057143319801653276,0.013840069799376912,0.12875987398944225,0.14577261089485888,0.1834691034957668,0.005621061254781294,0,0,0.031571686764847944,0,0,0.036,0.19241309341945528,1.0219610382321576
TCGA.L5.A43I.01,0.02004982621555022,0,0.1060926383087556,0.033745266065209084,0,0.2747367301415677,0,0.03818454747242005,0.03979575783453528,0,0.008607412057199558,0.004106872308416,0,0.017578226669337404,0.025155343616235393,0.11643026320112833,0,0.0288667516794594,0.2619128623299661,0.024737502100219955,0,0,0.326,0.03741625927927571,1.0695759056205287
TCGA.JY.A6FH.01,0,0,0.14109039768547502,0.025086502369065827,0,0.2924802906117748,0,0.10564433176006728,0.10627892893869237,0,0,0.08412344627413898,0.0049429467336441135,0.10163723107218225,0.02141845560569389,0.07851733996292388,0,0.010109820140488444,0,0.028670308845853185,0,0,0.415,0.024550473974626282,1.0908666360220685
TCGA.LN.A49V.01,0.008204703378552789,0,0.03667634721214427,0.08416236277240205,0,0.08766180622447445,0,0.10064435535251749,0.005534319030616898,0,0,0.12023206282934769,0.00789239684865117,0.04904868714827348,0.048051181095444075,0.3278502572863594,0,0.07889023375302781,0,0.045151287068188356,0,0,0.409,0.0249455136694695,1.0896357679364
TCGA.IC.A6RF.11,0,0.10157210142015,0.06910679445466587,0.042681028513832084,0,0.052146563628061235,0,0.14524703400150318,0,0,0.08436870587761212,0,0.010422124921747534,0.07895560932386347,0,0.07712558882397683,0,0.0765493178173079,0.17342027141203845,0.08840485980524133,0,0,0.717,-0.0095,1.0820549910104065
TCGA.LN.A49W.01,0.018933008777710557,0,0.006410855211703626,0.09479172626311509,0,0.12336195603279752,0.031392508541701586,0.10045688665374256,0.04502807810004604,0,0,0.032618046943255215,0,0.0609446958528203,0.1363390986766768,0.21451029245598235,0.08579421442227038,0,0,0.03800784720960509,0,0.011410784858572854,0.017,0.2538711894101314,0.9854221628323027
TCGA.LN.A8I0.01,0,0.005841043075755002,0,0.0795040752581029,0,0.07569790976736618,0,0.03630059684793835,0.04737404774748632,0,0,0.06339885321455006,0,0.18355616621891957,0.08860802932741962,0.20496242065468273,0.05189233788354652,0.059169027992686904,0.005076416915653472,0.09861907509589236,0,0,0.126,0.09319469443471821,1.0682233140798576
TCGA.R6.A8WC.01,0,0.003240631257582266,0.00875654539116486,0.10991073822457056,0,0.2978216494157559,0,0,0.1596104676625415,0,0,0.06544221258141025,0,0.03974046743037695,0.05771825076147523,0.166237538646787,0.003953442160100277,0,0,0.08756805646823519,0,0,0.491,0.014237287112615665,1.103641156168919
TCGA.LN.A49S.01,0,0.015986112123781766,0.025883176548672383,0.13213240693602002,0,0,0,0.13263937515415325,0.0912812397341061,0,0,0.02932096919941234,0.03277918932585818,0.016678351800583906,0.09324199001453091,0.11711806309914191,0.029002985913153093,0.2338115141644913,0.03491558531190412,0,0,0.015209040674190736,0.209,0.06204387342872672,1.0813490959050585
TCGA.LN.A7HW.01,0,0.0041960315339112245,0.0003,0,0,0.4042145577957005,0,0.005070401703050804,0,0,0.031051645996124765,0,0.023278188317469358,0.33598925482897785,0.0033647429771609047,0.03757560532231206,0,0,0,0.15499455252341698,0,0,0.048,0.16536183674364452,1.049028781034644
TCGA.LN.A49L.01,0.0001,0.0010926772328702526,0.002841263315204497,0.0974763151705542,0,0.07214177578362072,0,0.11103232027856963,0.045850674716172594,0,0,0.06446263383892838,0.02286902658657348,0.13313049643497815,0.0804713343018249,0.31279170858616645,0.020688033457552914,0,0.0350602178685759,0,0,0,0.016,0.2566184552024366,0.9863660726831667
TCGA.V5.A7RC.06,0,0,0.01359852733706698,0.06292723850201401,0,0.29002808150792886,0,0.016438378954035004,0.024660053441230425,0,0.015058779527297301,0.03945178037796036,0.011574911903207698,0.13990599424742178,0.01867584408869851,0.09976563808925165,0.10321124384089782,0.0003,0.16159575732493234,0,0,0.0028524588700465157,0.037,0.1846916145127783,1.0091695761000545
TCGA.R6.A8W8.01,0,0,0.0591132064510382,0.02975136961574986,0,0.1774928357170214,0.0423040906479824,0.15001273479159438,0.1460807618795043,0,0.05312549566069169,0,0,0.1405648191647919,0.0670961748875282,0.06579415861180915,0,0.0030031674296448277,0,0.06566118514264378,0,0,0.174,0.07136116952119628,1.06375149314097
TCGA.R6.A6Y2.01,0.015529408953763629,0,0.0031925114658577333,0,0,0.1025431101049916,0,0,0.02695400213380093,0,0.054675213686276786,0,0.07274348618025477,0.32378048177376184,0.0010978046635950936,0.033763862511731524,0,0.0531638503158969,0,0.20978953194148844,0,0.10276673626858078,0.003,0.36667810112990173,0.9473789137131097
TCGA.R6.A6Y0.01,0.0007,0,0.009355579238536046,0.02323721138504279,0,0.1349188986130146,0,0.02468313920677885,0.08689065163556944,0,0,0.025427326678678773,0,0.3186150654573555,0.02976079312238278,0.11435381415675658,0,0.039655885012248954,0,0.1773974943525225,0,0.01495574951018896,0.057,0.14778403311489488,1.0562167998463918
TCGA.IG.A3Y9.01,0,0.0015614974206299458,0,0.022279836592320985,0,0.014105603559939337,0,0.03342595073648461,0.045422804053122934,0,0.008300938664667216,0,0,0.5793352320822791,0.04285171800620243,0.16038988736742404,0.005581041105906894,0.017237506165856297,0.009452906644737642,0.060055077600428546,0,0,0,0.614063581469539,0.7917784092462435
TCGA.Q9.A6FU.01,0,0,0.012940419183799706,0.03576666133726315,0,0.2006910685525959,0,0.007068624309317162,0.011475031798478974,0,0.031024818881775332,0.012830014799311522,0.013410353156601437,0.0500972045346237,0.013937168817234124,0.11803025221137996,0.2702157720847615,0.10756696662120852,0.09642179390283526,0.018523849808813855,0,0,0.045,0.16789509876678,1.0162627712018364
TCGA.L5.A8NR.01,0.013344505769480056,0,0.030038528368712722,0.02081237030254087,0,0.04947127111783236,0,0.0473625594416465,0.15076137975250056,0,0,0.07195804164087664,0,0.0746094926720546,0.05746885588466853,0.25239321238845225,0,0.10750502261173198,0,0.0885943588615327,0,0.03568040118797031,0.149,0.0816610318033748,1.0602852871512098
TCGA.L5.A8NU.01,0.004853499760609773,0.04973764846092037,0.13385632035943737,0.07992832047172639,0,0.1720777730026833,0.0006,0.07918389097634575,0.12696336034620395,0,0,0.030411499314975724,0.02044525597430654,0.01978602247353019,0.06984349537218254,0.0813067402893983,0.010725845402093918,0.02771935990176007,0.08759173846115904,0,0,0.004952695050552377,0.032,0.2132751824241335,0.9968244727257144
TCGA.L5.A4OT.01,0.05732802841472342,0,0.012846552537382417,0.02548036691781306,0,0.2761971627446749,0,0.04329018886914052,0.07766813583054769,0,0,0.00684710748228172,0.00525985697000957,0.026181279678202794,0.0786496134785231,0.24097758131954852,0.003755183112921895,0.0062684200771735985,0.1061725117924443,0.03307801077461258,0,0,0.179,0.06979143617850521,1.0547733533527552
TCGA.VR.AA4D.01,0.06604625772880139,0.0057317569204395225,0.011834207215930872,0.08254206105595462,0,0.2751042617192627,0,0.1606500512857044,0.07436722507170253,0,0.007750003494994186,0,0.014118083605015264,0.05466608065229365,0,0.08747895296690708,0,0.07416558304402827,0,0.08554547523896547,0,0,0.312,0.04069618712072257,1.0824713439539035
TCGA.IG.A6QS.01,0,0,0.012028446034778643,0.12631734258528884,0,0.1370942213559859,0,0,0,0,0.004908012816988615,0.09354174074900481,0,0.12795033485099672,0.15495060609823216,0.09644372945384304,0,0.08091688550415967,0,0.1658486805507215,0,0,0.002,0.3850277854403533,0.9369553577442864
TCGA.L5.A4OH.01,0.05840428972472077,0,0.009505399352574197,0.0836338847290895,0,0.19427380730741867,0,0.06749487682153218,0.11623524505388382,0,0,0.03941609864876613,0.020331316468990286,0.018768731230188896,0.09171905793484576,0.11363774093091802,0,0.10544059275290439,0.08113895904416736,0,0,0,0.654,-0.0042,1.094981773787935
TCGA.LN.A7HY.01,0.04127766337092146,0,0.04438862017784865,0.18498721613587446,0,0.08890916839571941,0,0.03941659609497768,0.05206539434283978,0.003345808052899545,0,0.10861475098152584,0,0.0500450221071659,0.04637424092956383,0.2421414898846963,0.01207288967655648,0,0.08636113984941057,0,0,0,0.244,0.05084554354577888,1.0704196728215494
TCGA.L5.A43E.01,0.002504198905115059,0.03083668301029394,0.14621386664902505,0.13965082859268269,0,0.2979344165693886,0,0.04776580684445028,0.06266348281740725,0,0.012695762002107583,0.004267971992466022,0.009826247700821985,0.013761986515054477,0.08200589314647919,0.06954025577734664,0,0.016630591886249275,0.028448228421669105,0.021342227808219753,0,0.013911551361223075,0.257,0.04916107830210507,1.0794708744357515
TCGA.LN.A7HX.01,0,0.0029973353373504816,0,0.09456549096779641,0,0.14866728599737716,0,0.029337626054533744,0.08826998834499641,0,0.009064226947973972,0.016805626377848177,0.022505327325325456,0.23765356557961168,0.05312749962632522,0.07994735059803823,0.06807822708063298,0.02109068131013083,0,0.11985806259184346,0,0.008031705860215827,0.1,0.10477872046203447,1.0559519028053548
TCGA.JY.A6FB.01,0,0.014414974074477754,0,0,0,0.25004095792010556,0,0,0.09527741330455548,0,0,0.05047288223307557,0,0.17638798217288007,0,0.23218494926980637,0.03064230040963817,0.055338413643679696,0,0.09524012697178137,0,0,0.275,0.04710389454747212,1.0807028696204204
TCGA.L5.A4OW.01,0.04734726905794534,0,0.034887658910415835,0.02066796546607981,0,0.40013414839130024,0.010108069884261,0.07333151970359171,0.05581202379776088,0,0.06177220388824264,0,0.00316258103828452,0.08647273522346173,0.06684937447209546,0.031487218697089425,0,0.024471112259311704,0,0.07826673789507989,0,0.005229381315079766,0.082,0.12302989265782158,1.049211084392103
TCGA.L7.A56G.01,0.0004,0,0.005554884295253528,0.07425204762612424,0,0.2416995387279509,0,0.13018746480286308,0.09588521072566107,0,0,0,0.0385331003909167,0.08664729957040347,0.16510167659429362,0,0.041261480829800995,0,0,0.11598212730854175,0.004468244176557198,0,0.05,0.16248106496038278,1.040117748506079
TCGA.LN.A49K.01,0.015233531578389926,0,0.04661137682420396,0.1535710142431337,0,0.007087246399012581,0.027568882666928682,0.10512137142435375,0.058745288508935595,0,0.011423638391647688,0.021346293382789528,0,0.20096928525943852,0.22195165988569948,0.11838288446207003,0,0.011987526973396476,0,0,0,0,0.004,0.32840479032069797,0.9658333305195411
TCGA.S8.A6BW.01,0,0,0.020819371158051516,0,0.04492529869918558,0.06916863448371671,0,0,0.009726718508425021,0,0.022539646768314592,0.0033132016343835253,0.05702113791272604,0.1348183989789049,0,0.16451599640881315,0.052106656208701876,0.14496584190967465,0.22751961606634657,0.048559481262755784,0,0,0.064,0.13978967024153774,1.0362560246962957
TCGA.IG.A97I.01,0,0,0.0011046194479545682,0.023149432356683163,0,0.014216436068501037,0,0.06501805804325571,0.013888360409722206,0,0,0.042095976075824215,0,0.688326937393822,0.08065110415190878,0.04601324660541825,0,0,0.02553582944691005,0,0,0,0,0.6704734161138634,0.7433692610950585
TCGA.L5.A4OF.11,0.02439965759250745,0,0.02577908300649882,0.10428045937256329,0,0.28633923676211365,0,0,0.014143926803260036,0,0.025897547377176176,0,0.015805189741708126,0,0.018405785555366188,0.058489675317069285,0,0.01071836974948985,0.3353748927576068,0.08036617596464031,0,0,0.192,0.06700999803442238,1.0874497734017807
TCGA.IG.A3I8.11,0,0.0006,0.002508788347774571,0.09037296898871121,0,0.23872030083535478,0,0.001560071776485429,0.0038804334146385045,0,0,0.03922318349450145,0.014277130586593951,0,0,0.24094335408737563,0,0.014544694680997691,0.21381874299638684,0.05055436984584951,0,0.08902977284958359,0.332,0.03598798009924092,1.0783316793886304
TCGA.R6.A6DN.01,0.01233600508116087,0,0.0012476891278797482,0.04320876712497701,0,0.11863455760754862,0.03367560147514092,0.08566097424982586,0.03519242255963293,0,0,0.04861032138255759,0.0011801813052197561,0.09766853452486599,0.04596242648108711,0.2781221415848445,0,0,0,0.19266003790023187,0,0.005840339595027147,0.033,0.20603669516035483,1.014541308291232
TCGA.R6.A8WG.01,0.007667267974146318,0,0.037821425938841566,0.04279999494641704,0,0.061746064601977554,0,0.06423011514394412,0.13856780034831345,0,0,0.02912312459002767,0,0.3677296936316028,0.060708805905769124,0.12608637993098032,0,0,0.038928971378602406,0.02459035560937767,0,0,0.012,0.29057677775801066,0.9786357134667973
TCGA.L7.A6VZ.01,0,0,0.008771681033535053,0.15960377898004643,0,0.06690101221517647,0,0.053989054868766526,0.11909749947071573,0,0,0.11085578651981062,0.013077118236732613,0.11196418684771818,0,0.10491711102903573,0,0.1319183659477339,0.05413671626863383,0.058609221103675294,0,0.006158467478419635,0.27,0.04747474433627361,1.0814686621825031
TCGA.Z6.AAPN.01,0,0.028315027737234436,0,0.1279623976734673,0,0.14057368965368786,0.047978962135632124,0.052469171552049665,0,0,0.07297161614205358,0.005323816972561691,0,0.23541131059078588,0.07526952553909286,0.08060382796444114,0,0.04717803019438848,0,0.07476866493089616,0,0.01117395891370887,0.06,0.14435933165670942,1.0404216866838978
TCGA.L5.A4ON.01,0,0.0034650977156137977,0,0,0,0.346139898723054,0,0.010450541600965469,0.1353149585684427,0,0.009582973178662087,0.052090297051658685,0.025399196656887484,0.08152799424252018,0.0665178908895879,0.10752219836306023,0,0.05805227508295616,0,0.060300919238264576,0,0.04363575868832672,0.436,0.02163641848414222,1.0896174503111573
TCGA.V5.AASW.01,0,0.004980280742254037,0.0003,0.11750962245421408,0,0.19805892605250483,0,0.12325530977435621,0.19756272466832195,0,0,0,0.002276252638806965,0.044610747760052,0.02429569329014132,0.04322354507419871,0,0.12147043553936088,0,0.12243395589551537,0,0,0.185,0.0687172785798905,1.0813836395848122
TCGA.VR.A8ET.01,0.010834320875259436,0,0.011777580722311746,0.02952653528311447,0,0.11457112384644244,0,0.16532570353591095,0,0,0.007460717845533165,0.062154888118996145,0.004999997421013106,0.3917270999213379,0.025514257244282686,0.0015200250696057196,0,0.042658538225012296,0,0.09549442100144544,0.003655622693298943,0.03277916819643558,0.491,0.014140741059931,1.120831486131636
TCGA.L5.A4OF.01,0.12820940489636043,0,0.09075547468490214,0.008767966076923917,0,0.36641713901110107,0,0.010672964820075093,0.07855495418675928,0,0.0010854217166667052,0.02662991934510743,0.022218881340224386,0.05102065621353666,0.04263702813320045,0.03308523764845889,0,0.06575026494663234,0.05519165843682961,0.019003028543221633,0,0,0.345,0.034234450156091396,1.0741164031463597
TCGA.V5.A7RC.01,0,0,0.009307221237249223,0.020359943417273825,0,0.2511320740387335,0,0.08158423329478406,0.02046697643939005,0,0.08448742098601547,0,0,0.125341722827081,0.1192986812969532,0.10431706576961101,0,0.07167082323965765,0,0.07734931820096907,0,0.03468451925228206,0.102,0.1039935708234001,1.057952767405402
TCGA.L5.A8NQ.01,0.019150791803566353,0,0,0.09614708734423054,0,0.04044299507695594,0,0.07521250525264976,0.05204044890067366,0,0,0.0693367069706748,0,0.23150581329146327,0.18361668872916848,0.1852913094000637,0,0,0.016506235103609528,0.029988775993207685,0,0.0008,0.002,0.41044027910913866,0.9186670653992327
TCGA.V5.A7RE.01,0.031828141160003535,0,0,0.1215585177402278,0,0.11963133388611355,0,0.1828597990596062,0.1043333883579246,0,0.006908196882943416,0.05229561300089937,0.0026076316457311934,0.06487163015873133,0.05476493977221432,0.027682272840784655,0,0.04298165524171008,0,0.18767688025310994,0,0,0.322,0.03895518878391257,1.0989601506901236
TCGA.L5.A8NN.01,0.12565307177820959,0,0.007743747816920501,0.1017676927364937,0,0.14352162626648776,0.006588567068000702,0.06636863650183344,0.06788701824643302,0,0.06573269235575588,0,0.04028755311612636,0,0.06984942474527318,0.16532363478042547,0.0036429047642601033,0.008820326301009741,0,0.11884880657420478,0.007964296948565767,0,0.331,0.03644671281848899,1.0715863469327545
TCGA.R6.A6XQ.01,0.016763413423967782,0,0.003525895190344451,0,0,0.24395047650318533,0,0.058638222982731865,0.258304965770557,0,0.06349862069164752,0,0.0562730524702555,0.010720501469059476,0,0,0,0.018480666352433433,0,0.2608220734892702,0.009022111656547474,0,0.325,0.03791125627628102,1.1077188162451899
TCGA.L5.A43C.11,0.026716195519671644,0,0.07619799418975856,0.21537811182635147,0,0.2812530781850636,0,0.007324642050749662,0,0,0.028693673138141057,0,0.05816441865082435,0,0.010705296063155133,0.020746789437281348,0,0.005031454943340478,0.18638744458568077,0.08340090140998181,0,0,0.038,0.18301886988075358,1.025096298894042
TCGA.IG.A7DP.01,0.006304597033028632,0.03678010011744919,0,0.260322592534897,0,0.06442375384700413,0.018125067827017335,0.03871418277560877,0.10040447973133113,0.0062734026459261875,0,0.06020062944578724,0.029814466404066403,0.04368726361849867,0.18922827260533376,0.10477839686990076,0.012503654612018996,0,0.028439139932131804,0,0,0,0.001,0.4824215291444573,0.876310890936595
TCGA.L5.A4OU.01,0,0.042164449993483046,0,0.09659801375520195,0,0.007703609716020795,0.11721686439862856,0.0631777681964846,0.0286561701408177,0.03410235284424986,0.0006,0.048963732246962065,0,0.033857550675948415,0.11972143294301865,0.2600344557473302,0,0.07715037488094113,0.06907398045354048,0,0,0.0010127510870487268,0.002,0.39952767865237226,0.9169225805966876
TCGA.LN.A5U5.01,0.03676560376374012,0,0.01996455203169916,0.08926770908333465,0,0.08263750365857592,0,0.08127347044186121,0.04755942758912117,0,0,0.06339082841601164,0.005940126675828213,0,0.05532415493512237,0.24449739613856064,0.02120547586423481,0.18006431816735996,0.07210943323455007,0,0,0,0.054,0.15599523687979278,1.0255228341801481
TCGA.JY.A6FD.01,0,0,0.021843186808722232,0.13103828678284946,0,0.12181141122183192,0,0.03598502369038625,0,0,0.08179657613675535,0.0004,0,0.06251123127049034,0.21497320411070064,0.08916886883350125,0,0.16494291325695817,0,0.07556977340222576,0,0,0.009,0.3019308385943739,0.9945873134067051
TCGA.L5.A4OJ.11,0,0.006037707259130219,0.10158852407332279,0.16871326768642292,0,0.2161269954985309,0,0.06912819924123653,0.0031341688636033417,0,0,0.022904375964601462,0.013693785808114622,0,0.05232493050898884,0.05750844363020225,0,0,0.2878351754213211,0.0010044260445249244,0,0,0.108,0.10277023807833717,1.0541732887839015
TCGA.L5.A88Y.01,0,0.004047524528282287,0,0,0,0.15563968463372277,0,0.02021029509570918,0.09854378833236759,0,0.07269598234190099,0,0.0050783629947035655,0.2134551136986483,0.002004542412409064,0.1505451298519088,0,0.016514632955919716,0,0.18925972373747982,0,0.07200521941694787,0.072,0.12888382394637726,1.05406100708048
TCGA.LN.A4A2.01,0.0016726204191970298,0.0071247417353045754,0,0,0,0.16802333993006874,0,0.01671969282372269,0.013076104549576058,0,0.074720090899037,0,0,0.3905586402179992,0.0007,0.08629658068417186,0.004702844958001153,0,0,0.23636964971089736,0,0,0.024,0.2421750800592429,1.0281819314903695
TCGA.IG.A4QT.01,0.04212452029767672,0.29649135484768857,0,0.1011957655906726,0,0.13598644523002434,0.018220825057253875,0.019493489430211813,0.11575690374184996,0,0,0.01937850779824251,0.010449595632286856,0.07828444786620438,0.025327722059624178,0.12207808271609943,0,0.0036389864520297538,0.011573353280135017,0,0,0,0.152,0.08055458022789866,1.061540702997313
TCGA.LN.A7HV.01,0.014876748581897237,0,0.05802169765293985,0.08665856928638296,0,0.056764787679790624,0,0.04407935911033187,0.04779949930662327,0,0.01497821253282965,0.030246265140881873,0.0199553981755438,0.1249949486085863,0.006295186719859367,0.23998692080030437,0.04551506576113589,0.014098397275748164,0,0.1591007348008476,0,0.03662820856629716,0.191,0.06778957731410748,1.0660667247986264
TCGA.VR.AA4G.01,0.003336372973354284,0,0.0479460332466735,0.07233987949293907,0,0.2261349346950252,0,0.07342638669788389,0,0,0,0.09904127056367967,0.006225482189564876,0.051419502473401636,0.09048087752434734,0.03592598937420479,0.06394540123373399,0.17327903353692894,0.04389418747183149,0.01260464852643123,0,0,0.003,0.34820193655570697,0.945659775258902
TCGA.L5.A4OR.11,0,0.05475718800306141,0.04537373363062028,0.18515295930935255,0,0.28304815708907943,0,0.09808489129696235,0.003722143460732474,0,0.03692075058509778,0,0.018302754925571745,0,0.044276015975095444,0.10623284940097169,0,0.0013302528223697837,0.07524305180008381,0.04755525170100136,0,0,0.139,0.08677169132982514,1.0637397917729043
TCGA.ZR.A9CJ.01,0.001964352727607146,0,0,0.010422247242333102,0,0.18296855472346527,0,0.06897300460108187,0.004432922797040209,0,0,0.08569666543375926,0.020095928782879253,0.15244897974577468,0.032307053166928876,0.14297252071446562,0,0.062069544968355185,0.04112238957162966,0.14033140144133463,0,0.054194434083345254,0.129,0.09267941772593408,1.06304821847146
TCGA.LN.A8HZ.01,0,0,0.06479241839111698,0.061137989323192025,0,0.08656922032889368,0,0.019647418514328906,0.06673264849402014,0,0.09246942686006787,0,0.001616501257609953,0.28965600926720353,0.04637204056059195,0.1279361576479205,0.012095594524609931,0.031098281844313208,0,0.09987629298613133,0,0,0.217,0.059647937733401386,1.080441737147173
TCGA.2H.A9GQ.01,0.03985874356417062,0,0,0.02361991429975478,0,0.18543609266496128,0,0.048713803488929876,0.09382651093750752,0,0.05347934888797085,0,0,0.17928558119305316,0.0019398823016105837,0.13904203747161373,0,0.033183728904978595,0,0.201614356285449,0,0,0.841,-0.0202,1.1127044818747258
TCGA.V5.AASX.11,0.023542532519681508,0,0.21885414823526206,0.06448605192249354,0,0.31693102292330905,0,0,0.11454060711662813,0,0,0.0659782644591307,0.00344322145003903,0.007207062064197514,0,0.07161146174966877,0.0003,0.01935547250900103,0.07264472149492003,0.021103487171386024,0,0,0.302,0.04259581342092885,1.0864831219141355
TCGA.L5.A43H.01,0,0,0.051198235181049954,0.05319974576696473,0,0.15014567092886133,0,0.031126408920677372,0.030688903800902896,0,0.031111445946890606,0,0.0007,0.04085441909460911,0.13534631910858166,0.17655511189775286,0.01372996220210697,0.089553196385197,0.11835399618127483,0.07744880028144276,0,0,0.033,0.20739113117580332,1.0079384588308258
TCGA.XP.A8T8.01,0,0,0.022118705656706934,0.18007406443765533,0,0.03157260130550159,0,0.2286264299859645,0.02292705723064767,0,0.046201592641487176,0.05174946619653717,0.04016911067099237,0.0016484274530417242,0.0428921774266911,0.03358879777554604,0.06388416333586976,0.16008294175829338,0,0.06755556743149432,0,0.006908896693570949,0.133,0.08926224010670457,1.0672450420877637
TCGA.LN.A49O.01,0,0,0.009727881332204537,0.10943990190813942,0,0.10221423376362748,0.020813260581422143,0.019992583059300708,0,0,0,0.09930622317858145,0,0.1475679256033504,0.18421577695791086,0.12616067000481027,0,0.0639377665710379,0,0.11662377703961481,0,0,0.005,0.31370030267288185,0.9788995072959383
TCGA.LN.A9FQ.01,0,0,0.012413628349180033,0.011476933905973827,0,0.09922459019489213,0,0.05760422244250521,0.01867140349337032,0,0,0.03949474529428396,0,0.22898892303844604,0.06731274777924212,0.34113919731944653,0.03908874240063825,0,0.07596417454873634,0,0,0.008620691233285281,0.016,0.2563546953460007,0.9947923751248693
TCGA.JY.A6F8.01,0,0.014711768905902218,0,0.029759476860801392,0,0.28912018753010105,0,0.018174280171063994,0.2554358209075346,0,0,0.03894743370338485,0.019276291850082755,0.0655987379485993,0.0015101667962071322,0.07484896627193612,0,0.045628975343059666,0.033001377903904235,0.07953350163945277,0,0.034453014167969954,0.149,0.08210656589624697,1.0676469623229203
TCGA.L5.A4OM.11,0.16111519523708345,0,0.03340297988214561,0.05689069537762304,0,0.23449005032678805,0,0.02376695291929604,0.03189066321941456,0,0,0.004211270308559922,0.02160424370892916,0,0.0294943186784476,0.06340196791164734,0,0.011667460731567655,0.28661186892399965,0.041452332774497815,0,0,0.141,0.08617270179430409,1.0588262530935755
TCGA.L5.A8NI.01,0.04162071414421781,0,0.0055402886799379445,0.14331767363421113,0,0.21498251577083966,0.0361968946516639,0.07098847162062603,0.06292936405236528,0,0,0.026418201345937423,0.006750058995837903,0,0.07341278027182888,0.2251384401708056,0.06155828133983499,0,0.0032699298208110866,0.02787638550108228,0,0,0.057,0.14802711383020836,1.0304643099814195
TCGA.JY.A6FA.01,0.01654694457377299,0,0.0466065502382536,0.10075148728371099,0,0.17405418691878902,0,0.04190010259987932,0.09643281564506428,0,0.04145789245930734,0,0.04116514289075934,0.05089415721862023,0,0.11471835483196688,0,0.14478206376903832,0,0.115053047006281,0,0.015637254564556696,0.626,-0.0008,1.0837698675218295
TCGA.VR.A8ER.01,0,0,0.0346626382042104,0.06431767220172951,0,0.27160923133047005,0,0.002895341910851023,0.04594493396001979,0,0,0,0.02842992918830438,0.27320405292018113,0.009086400492339648,0.16940873061687706,0.006224484523693114,0.02270894920961325,0,0.057734051623134726,0.009287693284511149,0.004461308632537339,0.179,0.0701874693451861,1.0757536464344226
TCGA.RE.A7BO.01,0,0.0031305009044883523,0,0.001,0,0.19843177877311818,0,0.00546924835357123,0.06111176708054511,0,0.02005446909757167,0.05079228699568747,0.01318924685231531,0.1675546237287875,0,0.21325116035375333,0.005057508489691735,0.12523482142598044,0,0.06171355413572447,0,0.07404542711340338,0.064,0.14030217347236829,1.0401258610640929
TCGA.L5.A88W.01,0.0009,0,0,0,0,0.2434848039253568,0,0.013934039452784843,0.07651986217000332,0,0.011600575245132654,0,0.042725111996603934,0.15404244620900057,0.001846084415560819,0.09225090095687306,0.020470669109429216,0.0005,0,0.29785439888752696,0.001,0.04285109360811741,0.074,0.12792183733491466,1.064418182321329
TCGA.R6.A6L6.01,0.0066297446281192935,0.0008,0.001052443841279355,0.03381598293870185,0,0.26632444028486,0,0.02265168900799329,0.0839005611199612,0,0.029396573954707402,0,0.00971286447624742,0.20074595754014035,0.029468955199162882,0.04821584763480783,0,0.01706522462651926,0,0.1856818122919197,0,0.06453199680860647,0.05,0.16399557765489103,1.0339636747384706
TCGA.LN.A9FR.01,0,0,0.0025770716753985355,0.02798154201575021,0,0.14874691776119087,0,0,0.045249271373887345,0,0,0.03903891707802651,0.001213893937146946,0.11430469187510704,0.029044014099819177,0.2950184168034755,0.1776521205300889,0.06534198619360575,0.038190358382786456,0.013639882333165257,0,0.0020009159405515674,0.009,0.30094029926190874,0.9657160975640399
TCGA.R6.A6KZ.01,0.08842655977948716,0,0.018924658145653053,0.07136675498657327,0,0.11211781254467475,0,0.0886883376462296,0.15979960422174846,0,0,0.043685201409852374,0.006827421476966175,0.10378719206839226,0.07048254462270799,0.11077883577080636,0,0.024192591761361036,0.10092248556554757,0,0,0,0.063,0.1428220262446823,1.0255538016115295
TCGA.JY.A93E.01,0.0060575502033812624,0.08310140445468936,0,0.11353939557438061,0,0.2621461441193273,0.04074426594448071,0.027708051791854725,0.04722364163991567,0,0.018129150574440884,0,0.019494489404787957,0.012871958574028185,0.09537015704581317,0.2117910326421093,0.004877501800766943,0.00877827813689364,0,0.039928059104425255,0,0.008238918988705029,0.084,0.12188232364277479,1.0407635951654617
TCGA.M9.A5M8.01,0.01861350007002027,0,0.07330881008346,0,0,0.20938656777422235,0,0.05070771856416667,0.09243827211472326,0,0.06188903982808676,0,0,0.13429874717548018,0.027586011349978366,0.07097906261683934,0,0.05701694615385989,0.05092578007477317,0.11116133717892603,0,0.04168820701546371,0.31,0.041163239242719536,1.0645966936764488
TCGA.LN.A49M.01,0,0.008517800477574205,0,0,0.011420374102045333,0.02803480563012985,0,0.04224241870755005,0.021085721481800383,0,0.0284847340002255,0,0,0.6200548294651957,0.0995208460076562,0.07085869204819717,0,0.0281347505332532,0.023040879543925728,0.018604148002446624,0,0,0.039,0.17763179746157456,1.107628058155657
TCGA.S8.A6BV.01,0.022851019853984068,0,0.01647922110946443,0.004954497270924446,0,0.08570494178354125,0,0.02096841614919599,0.05581552484356445,0,0.0012489441305333746,0.02064347194178293,0.00883821649644837,0.22588361154994285,0.06347721994502624,0.3454015957697461,0,0,0.12773331915584554,0,0,0,0.023,0.24282267217192105,0.9993870541330738
TCGA.LN.A9FO.01,0.010252966695091108,0,0.009989529741126943,0.23120110300733823,0,0.03386360359931329,0.07835093223502113,0.094953848848146,0.04701652243551693,0.07022627976736398,0,0.014584175232387458,0,0.09416307617657647,0.16655293616033867,0.05749820011944454,0,0.031244644370562118,0,0.060102181611773206,0,0,0.034,0.20331682384319533,1.026668854757368
TCGA.IG.A4QS.01,0,0.010338212067836482,0,0.13346140729465666,0,0.11610976325282663,0.07627913055163119,0.08674458481149731,0.021906975753473654,0,0.05950972487853918,0,0.007309877353446454,0,0.04767171437275244,0.2605192529649078,0.03966597823192865,0,0,0.13662216499775148,0,0.003861213468752058,0.17,0.0729066560431022,1.0602865487179716
TCGA.Z6.A8JE.01,0,0,0.03748653333037825,0.028254807481886333,0,0.0756640528833761,0,0.04191129902685975,0.04414343423382463,0,0,0.029029943620526376,0,0.5526066739542761,0.028260683240416917,0.11562372387520317,0,0,0.04477702073588909,0,0,0.0022418276173632383,0.002,0.3922479121010094,0.9466921124862181
TCGA.L5.A4OR.01,0.010097777125015505,0,0.04312658634499282,0.09533516082982842,0,0.3557917628713675,0,0.0025397739324845925,0.1633266945167723,0,0.006476771274807394,0.026435823324198665,0.010690329286887047,0.05811624891441089,0.041844443333401475,0.09116526158341248,0,0.007981974676010018,0.0701094271649509,0.01696196482145997,0,0,0.102,0.1040488931146665,1.0574573674258192
TCGA.IG.A50L.01,0.01388488359432029,0,0.021956593979766285,0.013331137162220175,0,0.08090179993591867,0.014838231902748545,0.03277156412661735,0.03518675457572646,0,0.07008684983759397,0,0,0.17373955790955561,0.03597192511514407,0.2085313348126847,0.04510964639823893,0.08988091597339812,0.0667351344690497,0.09415282641318395,0,0.0029208437938330954,0.02,0.24662579176103078,0.9883994168882884
TCGA.LN.A49X.01,0.028325090769967552,0.011474842206393674,0,0.020586668783246834,0,0.18275919048598455,0,0.12577353242997785,0.015571415500561124,0,0.059542098965985515,0.017112435238502522,0,0.32722662456695256,0.08597301080295365,0.01986184773786343,0.004814692157228813,0,0,0.10097855035438198,0,0,0.029,0.2189219641900751,1.0136506668417704
TCGA.2H.A9GR.01,0.008013670718798466,0.09937967577341007,0.03330616857170303,0.030073024452653144,0,0.20991825214062773,0,0.07143778911505545,0.12488357143773877,0,0,0.07833148354863997,0.029211396870181885,0.02169972953052216,0.11031165175908608,0.08205818075415974,0.021260502140696007,0,0.08011490318672747,0,0,0,0.24,0.05339376887076596,1.0681639747390348
TCGA.2H.A9GK.01,0,0.009665881938609962,0.057238398491753266,0.031310712316183625,0,0.2856100967905433,0.01870235581722195,0.07330800219232242,0.08490128176571737,0,0.012422251239740079,0,0.007085459613862146,0.023537353471794552,0.0016795142515949664,0.06243645182228933,0.07971143288156587,0.10459783862446483,0.04633069066990121,0.0934101696273631,0,0.00805210848507201,0.087,0.1199968392552403,1.0341328457109038
TCGA.VR.AA7D.01,0.0013361958533506177,0,0.00188396367491547,0.04028253362826948,0,0.1585810485960165,0.03280447216791836,0.03449270441549262,0,0,0.07210069488057841,0.010825669902990024,0,0.21062058662469255,0.10259712989474686,0.08128902132078396,0,0.1307637132969492,0,0.122422265743296,0,0,0.012,0.2797227583738493,0.9847897355899874
TCGA.L5.A4OG.11,0,0.025061607320239057,0.04659855807920374,0.09609444770917727,0,0.2506713795754508,0,0,0.02546521627332342,0,0.008593466139933888,0.002953597909200913,0.015971043106170747,0,0.01711390893074789,0.2581734022923985,0,0.0010898919104340304,0.2522134807537198,0,0,0,0.033,0.20959035262288309,0.9989777953813197
TCGA.JY.A93C.01,0.02221855104619981,0,0.07706817504076732,0.06761370473590277,0,0.2289800408254647,0,0.020336702078161913,0.09821370437921734,0,0.04448233591789592,0,0,0.1637411349552138,0.02449786249161888,0.09787106744853238,0,0.00548194830389332,0,0.14404197698229612,0,0.005452795794835729,0.365,0.031003511365028127,1.078772572019721
TCGA.L5.A43C.01,0,0.009443354078112502,0.0032093725382896154,0.011409199912167605,0,0.13189362652715966,0,0.008272359580183766,0.02935163988095484,0,0.049810409675106505,0,0.037459033207924555,0.29968239774912425,0.008266239823660558,0.1010813678082704,0,0.03005613714201206,0,0.2442882288469071,0,0.03577663323012659,0.034,0.20297293369601555,1.0358571703914345
TCGA.L5.A8NV.01,0.05189759553456491,0.08577398351367273,0,0.07110270519865991,0,0.18839287042352174,0,0.018271147112142585,0.0812560986926753,0,0,0.04319800663965909,0.00865063054028306,0.07309217208317058,0.04261366249854775,0.12365120304721378,0.0010122792310202355,0.005459090290678126,0.18246012903875916,0.014523787839885807,0,0.008644638315545345,0.033,0.2092178778532827,0.9966512816703004
TCGA.VR.A8EO.01,0,0.005508017397682262,0.0002,0.022493024592048473,0,0.2628813946135778,0,0.12825828252009291,0.015102135568154625,0,0,0.08272859164533698,0.11277572429136917,0.22104653119525017,0.018123044366876947,0.05373326485083959,0,0.03444410319493559,0,0.03348088820425459,0.009198739689640932,0,0.026,0.23334003450405683,0.9978615680251858
TCGA.LN.A4A8.01,0.02668412211574152,0,0.01617888236270327,0.048252811802877854,0,0.16252795690772615,0,0.10064791563145525,0.14052805342076022,0,0.07339410652165694,0,0.009298847974159473,0.023024891232935905,0.10246609590817327,0.04493100590708967,0.02906134396913629,0.15955677927312917,0.06344718697245509,0,0,0,0.045,0.16870183412814466,1.0300249031173099
TCGA.IC.A6RF.01,0.24677867781425122,0.04101030225602076,0,0.031109657302996942,0,0.1346474805036378,0,0.08323015180653216,0.05708274295931148,0,0.007002430566918115,0.03331986905351141,0.015856146247844927,0.13893884785364197,0.13177008527581044,0.03558878592807357,0,0.03432325983524361,0.009341562596205595,0,0,0,0.054,0.15692092372416624,1.036264974016905
TCGA.2H.A9GJ.01,0,0,0.13988552379327976,0.023619143399193365,0,0.36662188611694696,0,0,0.1377394732404143,0,0.05309249963715649,0,0.024718634007938653,0,0,0.059900722912085,0,0.07790715716753896,0,0.11651495972544651,0,0,0.445,0.019387775002620598,1.0883918990617885
TCGA.VR.A8EU.01,0.005836539436872398,0,0.005042045561775469,0.008252932606745322,0,0,0.10860281028109867,0.06090039042605914,0.03387869329125522,0.009187933092768403,0.06150505816101371,0,0,0.09458777963237831,0.2711551940289334,0.12202503528113151,0.018842297057047024,0.1072375924483804,0,0.08913304002511097,0,0.0038126586694300557,0.01,0.29785481450511214,1.005701144762517
TCGA.Z6.A9VB.01,0.11890822682808147,0,0.08933938071397352,0.026952993730577128,0,0.1634622798600366,0,0.07171264594719226,0.09431224466129062,0,0.05400683018073299,0,0.0008,0.1346637840141953,0.015377571168689496,0.09701015910460531,0.045737522948454276,0.009788983268015,0,0.07796383296033843,0,0,0.487,0.01500136933516622,1.072055618152132
TCGA.L5.A43J.01,0,0,0.0045934439902191836,0.0061928565109074865,0,0.28704589881880904,0,0,0,0,0.007710241686643571,0.040861190345041855,0,0.1560457276759446,0.12524815337169523,0.21013259678082682,0.056009780452046715,0.03530297641060077,0.07085713395726476,0,0,0,0.096,0.10837053853160089,1.0548205764792629
TCGA.L5.A8NL.01,0.04088781744711836,0,0,0.029755152786311037,0,0.1402188766276738,0,0.016253194335145438,0.03532378620114009,0,0.0507471343053936,0,0.03346051928679225,0.19546238630147914,0.008469886201145294,0.26132423633900675,0,0.01019657597835353,0.10738318003130971,0.05859328401176212,0,0.011923970147368918,0.026,0.2347564510379471,0.9950288410487518
TCGA.LN.A4A5.01,0,0.03484363584470043,0.019180045193688218,0.033140988361132794,0,0.1446251376850899,0,0.018353725855501993,0.02526610754640601,0,0.004139923422355951,0.010408743487194162,0.0016456176594782117,0.13078499812030128,0.0928360933112099,0.20844740644599208,0.15144999896041295,0.07687566521483635,0.04800191289169974,0,0,0,0.005,0.3222638607233821,0.9537279818096499
TCGA.LN.A9FP.01,0.06626977014962676,0,0.0020097556575519333,0.047249253039993326,0,0.13629153362705784,0.020215314613147017,0,0.01959387617829707,0,0,0.019552628988246095,0.009750255082443215,0,0.07057988893613615,0.3409997112752593,0.0014972293653409054,0.023059112626046454,0.24293167046085404,0,0,0,0.042,0.17280240043187,1.0158410841468597
TCGA.VR.A8EX.01,0.16958411956825575,0.06314275695408395,0.033171793338906144,0.2103264060139011,0,0.033667764916962564,0,0.11044450718271984,0.08939624939372433,0,0,0.06453247295947609,0.01700009475325204,0.037181399372620244,0.061112353539080906,0.036928891968887524,0,0.04228431312135127,0.03122687691677818,0,0,0,0.045,0.16906153206905858,1.0296055666232964
TCGA.LN.A49U.01,0,0,0.01507890721555641,0.007068343001211953,0.08238506034357072,0.1343492291874923,0,0,0,0,0.09823463846762184,0,0.0019081292580384746,0.2949560059463872,0,0.12837921155938797,0.07286831072727216,0.03987493584463371,0.03908195016524549,0.08581527828358167,0,0,0.064,0.13834241432211225,1.0480269411993253
TCGA.IG.A3YB.01,0,0.04768525405447496,0.009499640171794662,0.15178225575011473,0,0.06929749770727711,0,0.05815616113181317,0.11714288370407704,0,0,0.041799896008012094,0.03182713448912728,0,0.08936648452637652,0.26890099048228283,0.030408045624320933,0.02489591234627234,0.05923784400405637,0,0,0,0.012,0.2886984449801415,0.9659331774206836
TCGA.L5.A8NJ.01,0.02744475038876151,0,0.07666235097847114,0.15191341035422148,0,0.07577155098210339,0,0.16638555728919852,0.08163858981445354,0,0,0.0647127894773273,0.004118612763547111,0.016310671571204402,0.049655009694899284,0.08938366458310434,0,0.0873836878139278,0.10614202310675477,0,0,0.0024773311820254058,0.506,0.011820896811413321,1.0841919025080329
TCGA.LN.A4A4.01,0,0,0.04511243905115359,0.022813391287899925,0,0.25814338423843375,0,0,0,0,0.005195443901710435,0.029460922251038933,0.011119302092261333,0.22633236342065408,0.08855547124409781,0.19339945333449948,0.07663992397526098,0,0,0.043227905202989775,0,0,0.142,0.08599763322869321,1.0659469971593474
TCGA.2H.A9GF.01,0.030605296745885437,0,0,0.02914781243802672,0,0.1507124958512518,0,0.027659602575146346,0.12298311762116827,0,0.08117393799872004,0.021227249163116423,0,0.3738971222225742,0.03003912264571508,0.0935362024747513,0.005972704520334227,0,0.03304533574331012,0,0,0,0.048,0.1657178487163189,1.0419629957009575
TCGA.JY.A6FE.01,0,0.0018395628284416643,0,0.05883831621394853,0,0.017566328745704136,0.0251904588322749,0.019747858638400364,0.016134057643318534,0,0,0.05683611385576285,0.04274339817444518,0,0.07090139650703,0.5586126707271094,0,0,0,0.12727895386992552,0,0.0043108839636388134,0.017,0.252670614080192,1.007418272244177
TCGA.L5.A8NS.01,0,0.006359525616266956,0.03103113127423704,0.09924671543797801,0,0.23367207406358637,0.013116299484003481,0,0.08605537825466564,0,0,0.09170479066890214,0,0.07754639866201661,0.0739367373803942,0.12389154716019558,0,0.02812492339497224,0.1327625704413425,0,0,0.0025519081614391714,0.035,0.19825979393588464,1.0084524852808565
TCGA.L5.A4OM.01,0.014561428316298104,0,0.028496098946158944,0.022849586653080633,0,0.1942866491523174,0,0.1385586893371852,0.041706292866310814,0,0,0.07714518258566577,0.04704906407714034,0.20400767724363686,0.07070133104725854,0,0.014420574624598179,0.038607534866040724,0.10091646868543307,0,0.0066934215988755045,0,0.176,0.07094532664630733,1.0589580686615616
TCGA.L5.A4OG.01,0,0,0.06887869793651659,0.030588791976125088,0,0.2123698868585473,0.16572206443619392,0.015134946118703512,0.020937322896241502,0,0.0850703327778805,0,0,0.13975984199674607,0.09149038459729437,0.08478533534009529,0,0.028244750421074386,0,0.05315938413814545,0,0.0038582605064361297,0.093,0.11112584664110382,1.0422009609200946
TCGA.IG.A51D.01,0,0,0.017450670309112466,0.10234283154377806,0,0.03925143272975568,0,0.09784495250993312,0.03696619266243807,0,0.03468246834898302,0.0544193321756361,0,0.11682945887798536,0.3125413819674638,0.17564284871132313,0,0,0.012028430163591152,0,0,0,0.003,0.3789704737097803,0.9580865544628127
TCGA.L5.A4OE.01,0,0,0,0.27814536615583924,0,0.17458942681245873,0.023642320283291253,0.05394375314882535,0.08796945404459422,0.01860039779796387,0,0,0,0,0.06950307359828174,0.12110931362756655,0,0.09487439161833372,0,0.07565503414968835,0,0.0019674687631568914,0.038,0.18129708606870087,1.033168116759569
TCGA.L5.A4OQ.01,0.16963499366171933,0,0,0.05117389319595088,0,0.2696349196054283,0,0.09203953089736627,0.027206772998352394,0,0.030182700850061982,0,0.0022429709582041566,0.022963807806700737,0.08037918038245159,0.045767026282078065,0,0.010787001435685381,0,0.1957873302777375,0,0.0021998716482633197,0.16,0.07638531026742106,1.0733223793609992
TCGA.L5.A8NM.01,0.0029902803707715616,0,0.012215946659793983,0.16954012181542602,0,0.18198957312021333,0.04598270820516784,0.08985000324990929,0.08347805718977984,0,0.027636884002579083,0,0,0.08936961611621912,0.12300554246165668,0.073464217348033,0,0,0,0.07289833090959333,0,0.02757871855085695,0.02,0.24666452654622942,0.994978344701205
TCGA.V5.A7RE.11,0.01733783846810528,0,0.026821953369401203,0.20017251364687652,0,0.14755730794140173,0,0.11607035312513074,0.09587155634014861,0,0,0.05950750581200663,0,0,0.09480730282699353,0.12308235442314451,0.013802357683632515,0.0287837468251076,0.02395418163945241,0.052231027898598646,0,0,0.064,0.13856112080208108,1.047576691660735
TCGA.L5.A8NK.01,0,0,0.02325062031782676,0.08056483829745643,0,0.24235604675184738,0,0.026994682349379222,0.07569885728425063,0,0.001861413709962936,0.02318723081367397,0,0.11015117851105503,0.054138024611826166,0.08990734937434423,0.0751493774589822,0,0.1967403805193951,0,0,0,0.306,0.04164915523164738,1.0642793021583627
TCGA.L5.A4OP.01,0.051777161472379984,0,0.04024701530877445,0.0914471767566275,0,0.3828651204820695,0.027704663971706397,0.0993199330523852,0.022984929112318843,0,0.07964628272939654,0,0.011738049078546642,0.01878276650273509,0.015503666290418392,0.08449239605079528,0,0.011798032419305285,0,0.06169280677254091,0,0,0.235,0.055841749784982644,1.0870545988090772
TCGA.IG.A625.01,0.08370839123998908,0,0.020362203065165705,0.12073219272429135,0,0.05173652375797138,0,0.05896717587048908,0.10407437636422338,0,0,0.04544434831771502,0.009762165222302882,0.02117113667979574,0.1349506582842843,0.1880134282612326,0.09353970649743223,0.008784000492701827,0.04919581859021255,0.006910629567599482,0.002647245064593351,0,0.056,0.15159436139945612,1.0253024609082724
TCGA.L5.A43M.01,0,0.0014847874527291914,0.09914677458281308,0.0994486426426767,0,0.38884544370661983,0,0.00796753790897727,0.025925796204194218,0,0,0.02812208026110984,0.0036302823664246496,0,0.05193207687286703,0.1222411545905246,0,0.09067212797628635,0.06483471069160353,0,0,0.01574858474317379,0.092,0.11306570113122237,1.0477470906640767
TCGA.L5.A4OO.01,0.08200528530457982,0,0.028923271448829817,0.0913447310376124,0,0.31364600107291535,0.0035509939536241893,0.0863111615982816,0.02525734227670145,0,0.0019109946552093324,0,0.0003,0.00983994584627185,0.12448297708988025,0.19834456605714235,0,0.002697546521790067,0.031383088879828,0,0,0,0.041,0.1748031198940653,1.0243642991852286
TCGA.2H.A9GG.01,0.07972713358845167,0,0.055717084505640425,0.07249679860555441,0,0.2448907538752974,0,0.10673553712721466,0.02460056615707619,0,0,0.09932560792887053,0,0.023917315337465023,0.0771491131026412,0.13824196298477187,0.017086671177193324,0,0.03941865936052013,0.020692796249303206,0,0,0.108,0.10094064638838014,1.0526507140784445
TCGA.LN.A4A1.01,0,0,0.0003,0,0.022287863135007746,0.07201146215884564,0,0,0.024550083909009934,0,0.006450611788917909,0,0,0.6034902782742892,0.013222170153640241,0.1329807702505504,0.0007,0,0,0.12406657096532436,0,0,0.002,0.42293924697982294,0.9484802643695552
TCGA.IG.A5S3.01,0.06738720473656541,0,0.007086235359079667,0.19271490730393223,0,0.027773936798791168,0,0.1645791163049495,0.09197067561081675,0,0,0,0.02968059131508509,0.16469571312739228,0.18141656780416646,0,0,0.008525721505005938,0.04890824089273905,0,0.015261089241476462,0,0.066,0.13684821782004353,1.0521716339379048
TCGA.2H.A9GM.01,0.011285878055529963,0,0.05604217982695138,0.044437299974607596,0,0.22248702358899583,0,0.059201436464133055,0.124565605638833,0,0.013423351853543982,0.018126920755557507,0.001450331550706242,0.11616599655226648,0.10136626398616504,0.14590411047270452,0,0.0124378329876098,0.07084039541575024,0.0022653728766453903,0,0,0.461,0.01818635485707682,1.0790596664584817
TCGA.L5.A88Z.01,0.003535830913810712,0,0.0018866054534623373,0,0,0.12248946838607806,0.00915121507758065,0.03130829624222318,0.04179500299001266,0,0.08884408115105438,0,0.0055336651331787,0.30868616352779626,0,0.10480970128616658,0,0.04582124048642987,0,0.22684491142116034,0,0.009293817931046283,0.255,0.049713905548944934,1.1107375919428832
TCGA.L5.A8NT.01,0.04166827777047328,0,0.0029361135701379223,0.04740438484553628,0,0.1820131268498352,0,0.035630194969277704,0.05905727061902159,0,0,0.0197950967669602,0.015508758776555456,0.11409944842054522,0.053098731268671075,0.1772955952686852,0.03478747502664702,0.029968322330214497,0.1771984349649133,0.0013965892175947171,0,0.008142179334931337,0.028,0.22496904533288706,0.9892630812352518
TCGA.LN.A4A3.01,0.12927167042899707,0,0.03569799481499534,0.016240650965384996,0,0.0328808077035678,0,0.12960551672703308,0.030095162757646964,0,0.009024572489546478,0.022255911193925483,0,0.13412713544472235,0.048291017182667983,0.08668533903596028,0,0.19655575536467276,0,0.06193043211367024,0,0.0673380337772092,0.087,0.11990591202034077,1.0431977263588237
TCGA.2H.A9GH.01,0.039754743847758234,0,0.02342812768337725,0.07206076774276074,0,0.2362921720338332,0,0.03901831148612992,0.05183403678601897,0,0.020018179851785816,0,0.0014799008737054879,0,0.04585647239511042,0.3751466260364838,0.03399964086701531,0,0.021716695865299934,0.028166288157629782,0,0.011228036373091076,0.152,0.08047739733774727,1.0553074896935146
TCGA.IG.A3YC.01,0.0006,0,0,0.14839080638360097,0,0.009413544618460602,0,0.0934495326872509,0.06226865724736556,0,0,0.0799476951707759,0,0.3357848095163932,0.07312362922728627,0.16625241192269047,0.0005,0,0.030270841824388644,0,0,0,0,0.6395837382831617,0.7778376388066203
TCGA.L5.A8NH.01,0.021886387076626358,0,0.06159261172010002,0.08846748932942834,0,0.2669155327317014,0.012664014900985397,0.09745285337006378,0.07420295905359217,0,0.02784603139734713,0,0,0.037578380012803836,0.06538766051943996,0.13665748400378944,0,0.01156166783163187,0,0.09778692805249029,0,0,0.16,0.07648332926228558,1.0609606007583392
TCGA.LN.A5U7.01,0,0,0.05139618555311146,0.03607803248479279,0,0.16098397518154514,0.04091671294259956,0.0638142763070589,0,0,0.06242724950539205,0.016874664561298533,0.006868442690262693,0.06587108082522337,0.10574408869408247,0.14673413715839434,0,0.08859539537958559,0,0.15369575871665306,0,0,0.041,0.17468136091553232,1.0241767733768066
TCGA.L5.A891.01,0.03489480677539931,0,0.003415887932508853,0.009857072713677792,0.0003,0.05047021810699014,0,0.03333731636984101,0.06650647024220215,0,0.014040133750162938,0.008325981879892195,0.06312232210622656,0.0611926417564306,0,0.0919557556880229,0,0.09255758483913563,0,0.4477804507579248,0.003283158890979334,0.018925377859916402,0.129,0.09234848943776311,1.1236443310515376
TCGA.V5.AASV.01,0,0,0.010637255628156735,0.04378663471863173,0,0.05328598743516374,0.10511214059131126,0.12001788436945937,0.058533339014996154,0,0.12904974852000164,0.02944369709943057,0.003648281907616012,0.05693643589109657,0.098985459872866,0.18981355656006482,0.07488083179853401,0.011620539000392064,0,0.014248207592279263,0,0,0.022,0.24307618188739405,0.9903028265066829
TCGA.LN.A49N.01,0,0,0.019794997186763592,0,0,0.20814464277401087,0,0.05709884898671703,0.05672924098728122,0.04062944247375584,0.0004,0.04423264652018383,0,0.2904283364568598,0.057183072124461984,0.13990098866760117,0.012712797432325328,0.04422837166363738,0.028551617228176493,0,0,0,0.015,0.270542844086011,0.9834940800362872
TCGA.L5.A4OX.01,0.041682236980113654,0,0.011476873627951101,0.14766098817652612,0,0.1802147112689025,0,0.10861287735157382,0.07713412340412829,0,0,0.03691800761128033,0.005606426350815633,0,0.058726084955846546,0.12086857634300655,0,0.11131787828609731,0.09657945060554042,0.0032017650382178005,0,0,0.129,0.09278211926346752,1.0564613983911586
TCGA.JY.A93D.01,0.018813645313298977,0.07138187823345515,0,0.0438380240703589,0,0.25161581918340004,0,0.026912517964208307,0.008265503476527897,0,0.015479368239949994,0.00485960879713541,0.024994763062624905,0.0175096965115327,0.11515036634246174,0.22659894908452388,0.0019187452461796246,0.012123452043789465,0.15768569796784104,0,0,0.002851964462711842,0.034,0.2010434513250684,1.0019197090292375
TCGA.LN.A4A6.01,0,0,0.04363389025425122,0.04278538718370596,0,0.16327472564714815,0,0.06882320180599398,0,0,0.025560016160326757,0.06589146488583743,0,0.1909678784079442,0.16917402492172384,0.1711654208684509,0.013394076370840795,0,0,0.045329913493776824,0,0,0.036,0.19456452319671547,1.0266058415031998
TCGA.VR.A8EQ.01,0,0.002509198662935769,0.007173761803775123,0.02363258046269531,0,0.24640408921936324,0,0.010478983437073095,0.08800529376281292,0,0,0.0524009374651126,0,0.3360876646708453,0.010984312079877795,0.07567769671642793,0,0.039856698783435694,0,0.10267745359934224,0,0.004111329336302866,0.012,0.28688333498779023,0.9825007786637625
TCGA.VR.A8EY.01,0.0004,0.0034812773941403814,0,0.018744681037936986,0,0.11853748424327605,0,0.05570184471388747,0.10753099559648016,0,0,0,0,0.23055056159951723,0,0.1590153463116149,0,0.08671760078636527,0,0.2129116670288251,0,0.006392175107551113,0.065,0.13720866511821578,1.0543622095988912
TCGA.Z6.A8JD.01,0.14353823241025007,0.10907108952337183,0,0.028907399919750425,0,0.19250356798228652,0,0.04371228292319691,0,0,0.02914743327570585,0,0,0.2377821218196868,0.09227130894573288,0.024267857467473553,0,0,0,0.09879870573254512,0,0,0.001,0.4718048756058077,0.8809249907073164
TCGA.L5.A4OJ.01,0,0.06883775079527989,0.08865481264090896,0.0372215894536442,0,0.28654117774020765,0,0.05304795240100727,0.1351641928216133,0,0.0006,0.002792121955134648,0,0.08385861734918257,0.0198666414239368,0.048033374713158127,0,0.024511626103404623,0,0.1493700710692144,0,0.001506897287217278,0.162,0.07476393807554313,1.0619922960113328
TCGA.L5.A88T.01,0.02019496936179145,0,0.0023790347452895414,0.0986567221944209,0,0.14820245135923193,0,0.004635863140521956,0.06920868064805608,0,0.013735530917376922,0.007469673707529055,0.0005,0.027047736143285553,0.04003473791879382,0.2393902462430465,0.08836873462006269,0.01672019565963781,0.2234138135625752,0,0,0,0.187,0.06848180970495041,1.051878378705557
TCGA.V5.A7RB.01,0.028880651560039782,0,0.042270912364412154,0.03241894796982372,0,0.08527423619971175,0,0.05908377754132434,0.13824317171717188,0,0,0.022555840198784545,0,0.038552393295905485,0.0805818452098737,0.12876257804916963,0.004711242244528203,0.07713950828225191,0,0.21279635531843064,0,0.048728540048572376,0.082,0.12402055333415023,1.0458452667412068
TCGA.LN.A7HZ.01,0,0.00650732002933128,0.001,0.27850631781441165,0,0,0.06121511827018892,0.05371052276099832,0.05776668918069026,0,0,0.15290778092335422,0.007774303081531373,0,0.0860937654061846,0.21515942628094856,0.02267947958058239,0,0.04061103117404616,0.015960074310379286,0,0.0001,0.002,0.4353710309081231,0.9030736703003129
TCGA.LN.A8I1.01,0,0.033418654522316966,0.002246183605614754,0.2372018504956016,0,0,0,0.14522354072854537,0.05135420536907043,0,0,0.09511175641183957,0.007820415291891225,0,0.07586822577124949,0.10004497026755248,0.009388370254018643,0.10990727476454414,0,0.1114011727705882,0.0109940142707674,0.010019365476399745,0.056,0.15129276542270645,1.0463306100464649
TCGA.L5.A8NG.01,0.09977687710719875,0.01685739920992409,0.04592274559851411,0.10248758879633504,0,0.09230073337947495,0,0.10704036817246418,0.0705389614170424,0,0,0.027095599037002264,0.040617679437319865,0.06951930792009452,0.09078645931099975,0.026363111510125575,0,0.023935933055623925,0.16575374022246644,0.011534876667426395,0,0.009468619157987742,0.19,0.06792001810098872,1.0529092923518752
TCGA.L5.A88V.01,0.02263008330286074,0,0.007453085997571934,0.025851432378862244,0,0.19624989152318836,0,0.08115597518532124,0.06237534727309142,0,0.023309961837710325,0.011009059949743083,0.01810754950907902,0.02977340446743992,0.034909086717956915,0.2461177721376117,0,0.041015072395479336,0,0.20004227732408378,0,0,0.502,0.01245829242029568,1.0902759066437182
TCGA.LN.A4MR.01,0,0.0012863167028211832,0.001183470685032788,0.08930608258323405,0,0,0.08184333168672019,0.06812429220094014,0.024551225411887794,0,0.029947063872921745,0.0038368049203475153,0,0.2581540934361162,0.130961948236531,0.12317397432358951,0.00421179408968271,0,0,0.17669182158586288,0,0.0067277802643122275,0.004,0.34234600215714694,0.9557774628382113
TCGA.2H.A9GN.01,0.016267723783990988,0,0.002244466086417357,0,0,0.29496274081846247,0,0.012350565305853385,0.061108742658686065,0,0,0.05370095107989081,0.030803278356320078,0.08294588023391934,0.04024029162987256,0.1333949783284228,0,0.025476008394147955,0,0.2086495907794243,0,0.03785478254459189,0.246,0.05055373642805241,1.0824881339716486
TCGA.LN.A4A9.01,0,0,0.0007,0.06658438810094454,0,0.05418395363685313,0.007250993832678643,0.07168347872746594,0.04766173233167966,0,0,0.1058469710385521,0,0.12121032728390335,0.10711976249687058,0.1791396744730112,0.06295825661891563,0.032477931325059946,0,0.14321907888206378,0,0,0.002,0.4311221930246213,0.9037160264327414
TCGA.R6.A6XG.01,0.00412336054330594,0.014181041277334558,0.15304640445192608,0.08201017483503387,0,0.21573645529920302,0,0,0.11238697402755685,0,0,0.09639158985956636,0,0.061569313346851715,0.013349587021088086,0.13312108331934638,0,0,0,0.11408401601878713,0,0,0.388,0.027694074425917908,1.0874008374953963
TCGA.L5.A8NE.01,0,0,0.1378265292440651,0.05101035172208132,0,0.2606705797073962,0,0.08251654257826282,0.1086843222392846,0,0,0.05304994853000199,0.011290983373509247,0.037429026820913716,0.040143134513512486,0.15272845748427522,0,0.01699014919887053,0,0.026187262055064935,0,0.021472712532761805,0.331,0.036616385118180196,1.0754260460972922
TCGA.VR.A8EW.01,0.028266703997701797,0.009736481937033423,0.01932330281704233,0.029509750676158446,0,0.03988760107297059,0,0.0717650617030464,0.05654108503831352,0,0.025077830123736534,0,0,0.34178331182358423,0.01163730424145848,0.17848539485597428,0.062481379739937976,0.003040382026780324,0,0.12078289330204388,0,0.0016815166442177701,0.051,0.16060905559433414,1.04953927082842
TCGA.VR.AA7B.01,0,0,0.009428086840272553,0,0,0.31852207303534474,0,0.004626942603744937,0,0,0.039909935960509846,0,0,0.3359966175135583,0.06749601877463304,0.11807588858002281,0,0.040403862788146984,0.03358543745865164,0.03195513644511513,0,0,0.093,0.11016773978349517,1.067886756123868
TCGA.IG.A4P3.01,0.024236685663626877,0.051786455898715514,0,0.1982620471568971,0,0.12053387948151151,0.005972576300449666,0.1301164051176432,0.06791329538303137,0.004045227461265055,0,0.01946783814440892,0,0.07482871804578203,0.10915751110987425,0.07930691305322707,0,0.08437303342765588,0.01792861588693793,0.012070797868973714,0,0,0.012,0.27970331319480596,0.9797363168247507
TCGA.LN.A5U6.01,0,0,0.001442478205546511,0.034615082511800906,0,0,0,0.0667698768199597,0.0745537467179678,0.0026488454041783526,0,0.08456378372421548,0,0.2919620873207673,0.12340185809584102,0.21318092352652349,0,0.10238623797746843,0.0034973101198157593,0.001,0,0,0.037,0.18947886695577904,1.045307075058639
TCGA.L5.A4OI.01,0,0.030289994642905646,0.03888616134917485,0.081152936791468,0,0.17844520831422905,0,0.026635958123354824,0.1340329536242497,0,0,0.14470519344287575,0,0.08470196315489982,0.032289802644459145,0.12684950288375335,0,0.01180548922262407,0.09994502512609013,0,0,0.010259810679915648,0.335,0.03551062450430822,1.0831433797687444
TCGA.L5.A4OS.01,0.010956340770183806,0.006621938784440325,0.059990905157420296,0.030726748364488854,0,0.15750989743736415,0,0.08800286492097288,0.03119508880149791,0.021076671670854894,0,0.013780007098669445,0.0004,0.1760931318518891,0.0773657531837765,0.23449378508217206,0,0.009959451027985138,0,0.06212859438906463,0,0.01966637608704018,0.022,0.24440462143039945,0.988819749051879
TCGA.IG.A3QL.01,0.005872542079672034,0,0,0.01780790353484755,0,0.25553165138776757,0,0.04183013208905723,0.1523657899474016,0,0,0.06816051842292907,0.002371281515118186,0.16167481602031067,0.0036622858843659645,0.11061446904869256,0,0.030761700824857505,0,0.14934690924498004,0,0,0.379,0.028583019574702145,1.0956322398931309
TCGA.IG.A5B8.01,0.002550071048844574,0,0.008935556092282486,0.0774750508822006,0,0.001330064416651949,0.06696333514140676,0.045508923180705416,0,0,0.062388872225155004,0.024680991008490367,0,0.5501951035572467,0.0069642571443974365,0.043128992696864356,0.0014209889438671242,0.030140131296987463,0,0.07134400642370523,0.00664693909449277,0.0003,0.453,0.01872912821394622,1.1654378471585172
TCGA.R6.A8W5.01,0.02948161133864102,0,0.01908731871895275,0.041926088709038994,0,0.1758173524624387,0,0.049748738880851,0.021030267103805907,0,0.02884133718068845,0,0,0.14887092997032644,0.10618944170710422,0.10410525619629586,0,0.0005,0,0.16814866867892211,0,0.10629892732334767,0.159,0.07730687393477463,1.07120723725765
TCGA.JY.A938.01,0,0.04197318332988361,0.011670564462274526,0.13634450402430748,0,0.157043753079158,0.017810395992377357,0.09179489613129722,0.0662104818736089,0,0,0.07575706807937453,0.0016366277566318235,0.02796622739403938,0.14054482170873808,0.10540290319422232,0.0015283058931135978,0.019643126635186588,0.0685064266486046,0.0003,0,0.03584649942612634,0.004,0.33173832488789906,0.9529339323466777
